{"cameraMode":{"drawMode":0,"name":"Shaded","section":"Shading Mode"},"sceneLighting":false,"audioPlay":false,"sceneViewState":{"showFog":true,"showMaterialUpdate":false,"showSkybox":true,"showFlares":true,"showImageEffects":true,"showParticleSystems":true},"in2DMode":false,"pivot":{"x":505.9913635253906,"y":226.10951232910157,"z":0.0},"rotation":{"x":0.001499938778579235,"y":0.008999867364764214,"z":-0.000013499816304829437,"w":0.9999583959579468},"size":732.124755859375,"orthographic":false}